[{"model": "feed.tweet", "pk": 1, "fields": {"post_date": "2021-02-08T12:58:43.590Z", "author": 1, "text": "Microsoft owns xbox, didn't you know?", "replies_to": null, "quotes": null, "retweets_to": null}}, {"model": "feed.tweet", "pk": 2, "fields": {"post_date": "2021-02-08T13:15:19.443Z", "author": 5, "text": "", "replies_to": null, "quotes": null, "retweets_to": 1}}, {"model": "feed.tweet", "pk": 3, "fields": {"post_date": "2021-02-09T13:12:04.226Z", "author": 6, "text": "Our newest project comprises 3 houses and one business tower in the Punta Cana Area.", "replies_to": null, "quotes": null, "retweets_to": null}}, {"model": "feed.tweet", "pk": 4, "fields": {"post_date": "2021-02-09T13:12:29.736Z", "author": 5, "text": "Wow that's awesome, congrat's bae", "replies_to": 3, "quotes": null, "retweets_to": null}}, {"model": "feed.tweet", "pk": 5, "fields": {"post_date": "2021-02-09T13:13:27.887Z", "author": 2, "text": "That's a proud husband right there.", "replies_to": null, "quotes": 4, "retweets_to": null}}, {"model": "feed.tweet", "pk": 6, "fields": {"post_date": "2021-02-16T13:50:38.619Z", "author": 5, "text": "feee", "replies_to": null, "quotes": null, "retweets_to": null}}, {"model": "feed.tweet", "pk": 7, "fields": {"post_date": "2021-02-16T13:52:16.027Z", "author": 1, "text": "My latest tweet", "replies_to": null, "quotes": null, "retweets_to": null}}, {"model": "feed.tweet", "pk": 8, "fields": {"post_date": "2021-02-16T15:43:08.905Z", "author": 1, "text": "", "replies_to": null, "quotes": null, "retweets_to": 1}}, {"model": "feed.tweet", "pk": 9, "fields": {"post_date": "2021-02-16T15:49:51.642Z", "author": 5, "text": "Yesterday was my honeymoon", "replies_to": null, "quotes": null, "retweets_to": null}}, {"model": "feed.like", "pk": 1, "fields": {"author": 8, "tweet": 1}}, {"model": "feed.like", "pk": 2, "fields": {"author": 5, "tweet": 7}}, {"model": "feed.like", "pk": 3, "fields": {"author": 5, "tweet": 6}}, {"model": "feed.like", "pk": 4, "fields": {"author": 1, "tweet": 9}}, {"model": "feed.like", "pk": 5, "fields": {"author": 1, "tweet": 8}}, {"model": "feed.like", "pk": 6, "fields": {"author": 1, "tweet": 7}}, {"model": "feed.like", "pk": 7, "fields": {"author": 2, "tweet": 8}}, {"model": "feed.like", "pk": 8, "fields": {"author": 2, "tweet": 8}}, {"model": "feed.like", "pk": 9, "fields": {"author": 2, "tweet": 9}}, {"model": "feed.like", "pk": 10, "fields": {"author": 2, "tweet": 5}}, {"model": "feed.like", "pk": 11, "fields": {"author": 2, "tweet": 4}}, {"model": "feed.twitteruser", "pk": 1, "fields": {"user": 5, "followers_count": 0, "follows": [3]}}, {"model": "feed.twitteruser", "pk": 2, "fields": {"user": 3, "followers_count": 0, "follows": []}}, {"model": "feed.twitteruser", "pk": 3, "fields": {"user": 8, "followers_count": 0, "follows": []}}, {"model": "feed.twitteruser", "pk": 4, "fields": {"user": 10, "followers_count": 0, "follows": []}}, {"model": "feed.twitteruser", "pk": 5, "fields": {"user": 1, "followers_count": 0, "follows": [1, 2]}}, {"model": "feed.twitteruser", "pk": 6, "fields": {"user": 2, "followers_count": 0, "follows": []}}, {"model": "feed.twitteruser", "pk": 7, "fields": {"user": 6, "followers_count": 0, "follows": []}}, {"model": "feed.follow", "pk": 1, "fields": {"target": 1}}, {"model": "feed.follow", "pk": 2, "fields": {"target": 6}}, {"model": "feed.follow", "pk": 3, "fields": {"target": 5}}, {"model": "feed.chat", "pk": 1, "fields": {"created_at": "2021-02-08T19:32:01.198Z", "messages": [1, 2, 3, 4], "members": [5, 6]}}, {"model": "feed.chat", "pk": 2, "fields": {"created_at": "2021-02-09T14:44:21.007Z", "messages": [5, 6], "members": [1, 3]}}, {"model": "feed.chat", "pk": 3, "fields": {"created_at": "2021-02-09T14:46:31.557Z", "messages": [7, 8], "members": [5, 7]}}, {"model": "feed.message", "pk": 1, "fields": {"sent_at": "2021-02-08T19:32:27.227Z", "author": 6, "message": "Hola papito"}}, {"model": "feed.message", "pk": 2, "fields": {"sent_at": "2021-02-08T22:50:00.920Z", "author": 5, "message": "Comeeed"}}, {"model": "feed.message", "pk": 3, "fields": {"sent_at": "2021-02-09T13:59:31.296Z", "author": 6, "message": "Eres el mejor bb"}}, {"model": "feed.message", "pk": 4, "fields": {"sent_at": "2021-02-09T13:59:45.586Z", "author": 5, "message": "as tu también eres la mejor amod"}}, {"model": "feed.message", "pk": 5, "fields": {"sent_at": "2021-02-09T14:44:40.810Z", "author": 1, "message": "Hello Steve, we miss you"}}, {"model": "feed.message", "pk": 6, "fields": {"sent_at": "2021-02-09T14:45:24.291Z", "author": 3, "message": "I miss you too guys but don't worry. I assure you, we will meet again. Besides, it's not so bad in here. Wait till you see it."}}, {"model": "feed.message", "pk": 7, "fields": {"sent_at": "2021-02-09T14:46:51.959Z", "author": 5, "message": "I'm coming after you Elon."}}, {"model": "feed.message", "pk": 8, "fields": {"sent_at": "2021-02-09T14:47:24.227Z", "author": 7, "message": "I don't expect any less Felix. I'm ready for you."}}, {"model": "admin.logentry", "pk": 1, "fields": {"action_time": "2021-02-05T00:00:10.602Z", "user": 4, "content_type": 2, "object_id": "4", "object_repr": "felixreynosob", "action_flag": 1, "change_message": "[{\"added\": {}}]"}}, {"model": "admin.logentry", "pk": 2, "fields": {"action_time": "2021-02-05T00:03:41.661Z", "user": 4, "content_type": 11, "object_id": "5", "object_repr": "billgates", "action_flag": 1, "change_message": "[{\"added\": {}}]"}}, {"model": "admin.logentry", "pk": 3, "fields": {"action_time": "2021-02-05T00:03:45.367Z", "user": 4, "content_type": 2, "object_id": "5", "object_repr": "billgates", "action_flag": 1, "change_message": "[{\"added\": {}}]"}}, {"model": "admin.logentry", "pk": 4, "fields": {"action_time": "2021-02-05T11:58:47.696Z", "user": 4, "content_type": 11, "object_id": "6", "object_repr": "elonmusk", "action_flag": 1, "change_message": "[{\"added\": {}}]"}}, {"model": "admin.logentry", "pk": 5, "fields": {"action_time": "2021-02-05T11:58:52.580Z", "user": 4, "content_type": 2, "object_id": "6", "object_repr": "elonmusk", "action_flag": 1, "change_message": "[{\"added\": {}}]"}}, {"model": "admin.logentry", "pk": 6, "fields": {"action_time": "2021-02-05T11:59:03.993Z", "user": 4, "content_type": 11, "object_id": "7", "object_repr": "jeffbezos", "action_flag": 1, "change_message": "[{\"added\": {}}]"}}, {"model": "admin.logentry", "pk": 7, "fields": {"action_time": "2021-02-05T11:59:10.587Z", "user": 4, "content_type": 2, "object_id": "7", "object_repr": "jeffbezos", "action_flag": 1, "change_message": "[{\"added\": {}}]"}}, {"model": "admin.logentry", "pk": 8, "fields": {"action_time": "2021-02-05T11:59:42.054Z", "user": 4, "content_type": 11, "object_id": "8", "object_repr": "stevejobs", "action_flag": 1, "change_message": "[{\"added\": {}}]"}}, {"model": "admin.logentry", "pk": 9, "fields": {"action_time": "2021-02-05T11:59:43.760Z", "user": 4, "content_type": 2, "object_id": "8", "object_repr": "stevejobs", "action_flag": 1, "change_message": "[{\"added\": {}}]"}}, {"model": "admin.logentry", "pk": 10, "fields": {"action_time": "2021-02-05T12:00:05.358Z", "user": 4, "content_type": 11, "object_id": "9", "object_repr": "stevewozniak", "action_flag": 1, "change_message": "[{\"added\": {}}]"}}, {"model": "admin.logentry", "pk": 11, "fields": {"action_time": "2021-02-05T12:00:08.649Z", "user": 4, "content_type": 2, "object_id": "9", "object_repr": "stevewozniak", "action_flag": 1, "change_message": "[{\"added\": {}}]"}}, {"model": "admin.logentry", "pk": 12, "fields": {"action_time": "2021-02-05T12:00:26.118Z", "user": 4, "content_type": 11, "object_id": "10", "object_repr": "richardbranson", "action_flag": 1, "change_message": "[{\"added\": {}}]"}}, {"model": "admin.logentry", "pk": 13, "fields": {"action_time": "2021-02-05T12:00:28.848Z", "user": 4, "content_type": 2, "object_id": "10", "object_repr": "richardbranson", "action_flag": 1, "change_message": "[{\"added\": {}}]"}}, {"model": "admin.logentry", "pk": 14, "fields": {"action_time": "2021-02-05T12:01:13.491Z", "user": 4, "content_type": 3, "object_id": "1", "object_repr": "I'm the GOAT", "action_flag": 1, "change_message": "[{\"added\": {}}]"}}, {"model": "admin.logentry", "pk": 15, "fields": {"action_time": "2021-02-05T12:02:51.048Z", "user": 4, "content_type": 3, "object_id": "2", "object_repr": "The gates foundation... by: billgates", "action_flag": 1, "change_message": "[{\"added\": {}}]"}}, {"model": "admin.logentry", "pk": 16, "fields": {"action_time": "2021-02-05T12:03:09.135Z", "user": 4, "content_type": 3, "object_id": "3", "object_repr": "Design is beautiful by: stevejobs", "action_flag": 1, "change_message": "[{\"added\": {}}]"}}, {"model": "admin.logentry", "pk": 17, "fields": {"action_time": "2021-02-05T12:03:37.953Z", "user": 4, "content_type": 3, "object_id": "4", "object_repr": "SpaceX will land peo... by: elonmusk", "action_flag": 1, "change_message": "[{\"added\": {}}]"}}, {"model": "admin.logentry", "pk": 18, "fields": {"action_time": "2021-02-05T12:04:03.622Z", "user": 4, "content_type": 3, "object_id": "5", "object_repr": "Losing my virginity,... by: richardbranson", "action_flag": 1, "change_message": "[{\"added\": {}}]"}}, {"model": "admin.logentry", "pk": 19, "fields": {"action_time": "2021-02-05T12:04:28.266Z", "user": 4, "content_type": 4, "object_id": "1", "object_repr": "rt: Losing my virginity,... by: richardbranson", "action_flag": 1, "change_message": "[{\"added\": {}}]"}}, {"model": "admin.logentry", "pk": 20, "fields": {"action_time": "2021-02-05T12:11:16.435Z", "user": 4, "content_type": 4, "object_id": "1", "object_repr": "rt: Losing my virginity,... by: richardbranson", "action_flag": 3, "change_message": ""}}, {"model": "admin.logentry", "pk": 21, "fields": {"action_time": "2021-02-05T12:18:12.100Z", "user": 4, "content_type": 2, "object_id": "1", "object_repr": "billgates", "action_flag": 1, "change_message": "[{\"added\": {}}]"}}, {"model": "admin.logentry", "pk": 22, "fields": {"action_time": "2021-02-05T12:18:17.255Z", "user": 4, "content_type": 2, "object_id": "2", "object_repr": "cindyciprian", "action_flag": 1, "change_message": "[{\"added\": {}}]"}}, {"model": "admin.logentry", "pk": 23, "fields": {"action_time": "2021-02-05T12:18:22.151Z", "user": 4, "content_type": 2, "object_id": "3", "object_repr": "stevejobs", "action_flag": 1, "change_message": "[{\"added\": {}}]"}}, {"model": "admin.logentry", "pk": 24, "fields": {"action_time": "2021-02-05T12:19:42.099Z", "user": 4, "content_type": 3, "object_id": "1", "object_repr": "I'm the Founder of m... by: billgates", "action_flag": 1, "change_message": "[{\"added\": {}}]"}}, {"model": "admin.logentry", "pk": 25, "fields": {"action_time": "2021-02-05T12:51:45.311Z", "user": 4, "content_type": 3, "object_id": "2", "object_repr": "I know Bill, Apple w... by: stevejobs", "action_flag": 1, "change_message": "[{\"added\": {}}]"}}, {"model": "admin.logentry", "pk": 26, "fields": {"action_time": "2021-02-05T12:55:36.945Z", "user": 4, "content_type": 2, "object_id": "4", "object_repr": "richardbranson", "action_flag": 1, "change_message": "[{\"added\": {}}]"}}, {"model": "admin.logentry", "pk": 27, "fields": {"action_time": "2021-02-05T12:55:56.268Z", "user": 4, "content_type": 3, "object_id": "3", "object_repr": "The virgin way is th... by: richardbranson", "action_flag": 1, "change_message": "[{\"added\": {}}]"}}, {"model": "admin.logentry", "pk": 28, "fields": {"action_time": "2021-02-05T12:56:13.807Z", "user": 4, "content_type": 2, "object_id": "5", "object_repr": "engfelixreynoso", "action_flag": 1, "change_message": "[{\"added\": {}}]"}}, {"model": "admin.logentry", "pk": 29, "fields": {"action_time": "2021-02-05T12:56:30.502Z", "user": 4, "content_type": 3, "object_id": "4", "object_repr": " by: engfelixreynoso", "action_flag": 1, "change_message": "[{\"added\": {}}]"}}, {"model": "admin.logentry", "pk": 30, "fields": {"action_time": "2021-02-05T13:16:49.715Z", "user": 4, "content_type": 3, "object_id": "5", "object_repr": "I'm the ceo of Micro... by: billgates", "action_flag": 1, "change_message": "[{\"added\": {}}]"}}, {"model": "admin.logentry", "pk": 31, "fields": {"action_time": "2021-02-05T13:18:07.951Z", "user": 4, "content_type": 3, "object_id": "6", "object_repr": "I know Bill, But App... by: stevejobs", "action_flag": 1, "change_message": "[{\"added\": {}}]"}}, {"model": "admin.logentry", "pk": 32, "fields": {"action_time": "2021-02-05T13:18:24.040Z", "user": 4, "content_type": 3, "object_id": "7", "object_repr": " by: cindyciprian", "action_flag": 1, "change_message": "[{\"added\": {}}]"}}, {"model": "admin.logentry", "pk": 33, "fields": {"action_time": "2021-02-05T13:19:31.136Z", "user": 4, "content_type": 3, "object_id": "8", "object_repr": "I believe both compa... by: engfelixreynoso", "action_flag": 1, "change_message": "[{\"added\": {}}]"}}, {"model": "admin.logentry", "pk": 34, "fields": {"action_time": "2021-02-05T13:19:59.385Z", "user": 4, "content_type": 3, "object_id": "9", "object_repr": "That's right Felix, ... by: richardbranson", "action_flag": 1, "change_message": "[{\"added\": {}}]"}}, {"model": "admin.logentry", "pk": 35, "fields": {"action_time": "2021-02-05T14:35:16.413Z", "user": 4, "content_type": 1, "object_id": "1", "object_repr": "Target: billgates", "action_flag": 1, "change_message": "[{\"added\": {}}]"}}, {"model": "admin.logentry", "pk": 36, "fields": {"action_time": "2021-02-05T14:35:29.086Z", "user": 4, "content_type": 2, "object_id": "5", "object_repr": "engfelixreynoso", "action_flag": 2, "change_message": "[{\"changed\": {\"fields\": [\"Follows\"]}}]"}}, {"model": "admin.logentry", "pk": 37, "fields": {"action_time": "2021-02-05T14:35:35.825Z", "user": 4, "content_type": 2, "object_id": "4", "object_repr": "richardbranson", "action_flag": 2, "change_message": "[]"}}, {"model": "admin.logentry", "pk": 38, "fields": {"action_time": "2021-02-05T15:20:01.754Z", "user": 4, "content_type": 11, "object_id": "1", "object_repr": "engfelixreynoso", "action_flag": 2, "change_message": "[{\"changed\": {\"fields\": [\"Staff status\"]}}]"}}, {"model": "admin.logentry", "pk": 39, "fields": {"action_time": "2021-02-05T15:20:54.474Z", "user": 4, "content_type": 11, "object_id": "1", "object_repr": "engfelixreynoso", "action_flag": 2, "change_message": "[{\"changed\": {\"fields\": [\"password\"]}}]"}}, {"model": "admin.logentry", "pk": 40, "fields": {"action_time": "2021-02-05T15:21:24.837Z", "user": 4, "content_type": 11, "object_id": "1", "object_repr": "engfelixreynoso", "action_flag": 2, "change_message": "[{\"changed\": {\"fields\": [\"Superuser status\"]}}]"}}, {"model": "admin.logentry", "pk": 41, "fields": {"action_time": "2021-02-08T12:57:03.401Z", "user": 1, "content_type": 3, "object_id": "9", "object_repr": "That's right Fe... by: richardbranson", "action_flag": 3, "change_message": ""}}, {"model": "admin.logentry", "pk": 42, "fields": {"action_time": "2021-02-08T12:57:03.404Z", "user": 1, "content_type": 3, "object_id": "8", "object_repr": "I believe both ... by: engfelixreynoso", "action_flag": 3, "change_message": ""}}, {"model": "admin.logentry", "pk": 43, "fields": {"action_time": "2021-02-08T12:57:03.405Z", "user": 1, "content_type": 3, "object_id": "7", "object_repr": "... by: cindyciprian", "action_flag": 3, "change_message": ""}}, {"model": "admin.logentry", "pk": 44, "fields": {"action_time": "2021-02-08T12:57:03.409Z", "user": 1, "content_type": 3, "object_id": "6", "object_repr": "I know Bill, Bu... by: stevejobs", "action_flag": 3, "change_message": ""}}, {"model": "admin.logentry", "pk": 45, "fields": {"action_time": "2021-02-08T12:57:03.411Z", "user": 1, "content_type": 3, "object_id": "5", "object_repr": "I'm the ceo of ... by: billgates", "action_flag": 3, "change_message": ""}}, {"model": "admin.logentry", "pk": 46, "fields": {"action_time": "2021-02-08T12:58:43.592Z", "user": 1, "content_type": 3, "object_id": "1", "object_repr": "Microsoft owns ... by: billgates", "action_flag": 1, "change_message": "[{\"added\": {}}]"}}, {"model": "admin.logentry", "pk": 47, "fields": {"action_time": "2021-02-08T13:15:19.445Z", "user": 1, "content_type": 3, "object_id": "2", "object_repr": "... by: engfelixreynoso", "action_flag": 1, "change_message": "[{\"added\": {}}]"}}, {"model": "admin.logentry", "pk": 48, "fields": {"action_time": "2021-02-08T19:31:45.410Z", "user": 1, "content_type": 2, "object_id": "6", "object_repr": "marielciprian", "action_flag": 1, "change_message": "[{\"added\": {}}]"}}, {"model": "admin.logentry", "pk": 49, "fields": {"action_time": "2021-02-08T19:32:01.202Z", "user": 1, "content_type": 14, "object_id": "1", "object_repr": "Chat object (1)", "action_flag": 1, "change_message": "[{\"added\": {}}]"}}, {"model": "admin.logentry", "pk": 50, "fields": {"action_time": "2021-02-08T19:32:08.000Z", "user": 1, "content_type": 14, "object_id": "1", "object_repr": "Chat object (1)", "action_flag": 2, "change_message": "[]"}}, {"model": "admin.logentry", "pk": 51, "fields": {"action_time": "2021-02-08T19:32:27.227Z", "user": 1, "content_type": 15, "object_id": "1", "object_repr": "Message object (1)", "action_flag": 1, "change_message": "[{\"added\": {}}]"}}, {"model": "admin.logentry", "pk": 52, "fields": {"action_time": "2021-02-08T19:32:42.007Z", "user": 1, "content_type": 14, "object_id": "1", "object_repr": "Chat object (1)", "action_flag": 2, "change_message": "[{\"changed\": {\"fields\": [\"Messages\"]}}]"}}, {"model": "admin.logentry", "pk": 53, "fields": {"action_time": "2021-02-08T22:50:00.921Z", "user": 1, "content_type": 15, "object_id": "2", "object_repr": "Comeeed... by engfelixreynoso - ", "action_flag": 1, "change_message": "[{\"added\": {}}]"}}, {"model": "admin.logentry", "pk": 54, "fields": {"action_time": "2021-02-08T22:52:49.851Z", "user": 1, "content_type": 14, "object_id": "1", "object_repr": "Chat between engfelixreynoso and marielciprian", "action_flag": 2, "change_message": "[{\"changed\": {\"fields\": [\"Messages\"]}}]"}}, {"model": "admin.logentry", "pk": 55, "fields": {"action_time": "2021-02-09T12:04:53.885Z", "user": 1, "content_type": 7, "object_id": "1", "object_repr": "stevejobs likes \"Microsoft owns ... by: billgates\" by: billgates", "action_flag": 1, "change_message": "[{\"added\": {}}]"}}, {"model": "admin.logentry", "pk": 56, "fields": {"action_time": "2021-02-09T13:12:04.229Z", "user": 1, "content_type": 3, "object_id": "3", "object_repr": "Our newest proj... by: marielciprian", "action_flag": 1, "change_message": "[{\"added\": {}}]"}}, {"model": "admin.logentry", "pk": 57, "fields": {"action_time": "2021-02-09T13:12:29.737Z", "user": 1, "content_type": 3, "object_id": "4", "object_repr": "Wow that's awes... by: engfelixreynoso", "action_flag": 1, "change_message": "[{\"added\": {}}]"}}, {"model": "admin.logentry", "pk": 58, "fields": {"action_time": "2021-02-09T13:13:27.889Z", "user": 1, "content_type": 3, "object_id": "5", "object_repr": "That's a proud ... by: cindyciprian", "action_flag": 1, "change_message": "[{\"added\": {}}]"}}, {"model": "admin.logentry", "pk": 59, "fields": {"action_time": "2021-02-09T13:27:24.571Z", "user": 1, "content_type": 1, "object_id": "2", "object_repr": "Target: marielciprian", "action_flag": 1, "change_message": "[{\"added\": {}}]"}}, {"model": "admin.logentry", "pk": 60, "fields": {"action_time": "2021-02-09T13:27:26.209Z", "user": 1, "content_type": 2, "object_id": "5", "object_repr": "engfelixreynoso", "action_flag": 2, "change_message": "[{\"changed\": {\"fields\": [\"Follows\"]}}]"}}, {"model": "admin.logentry", "pk": 61, "fields": {"action_time": "2021-02-09T13:59:31.298Z", "user": 1, "content_type": 15, "object_id": "3", "object_repr": "Eres el mejor bb... by marielciprian", "action_flag": 1, "change_message": "[{\"added\": {}}]"}}, {"model": "admin.logentry", "pk": 62, "fields": {"action_time": "2021-02-09T13:59:45.588Z", "user": 1, "content_type": 15, "object_id": "4", "object_repr": "as tu también eres l... by engfelixreynoso", "action_flag": 1, "change_message": "[{\"added\": {}}]"}}, {"model": "admin.logentry", "pk": 63, "fields": {"action_time": "2021-02-09T14:00:02.313Z", "user": 1, "content_type": 14, "object_id": "1", "object_repr": "Chat between engfelixreynoso and marielciprian", "action_flag": 2, "change_message": "[{\"changed\": {\"fields\": [\"Messages\"]}}]"}}, {"model": "admin.logentry", "pk": 64, "fields": {"action_time": "2021-02-09T14:44:21.012Z", "user": 1, "content_type": 14, "object_id": "2", "object_repr": "Chat between billgates and stevejobs", "action_flag": 1, "change_message": "[{\"added\": {}}]"}}, {"model": "admin.logentry", "pk": 65, "fields": {"action_time": "2021-02-09T14:44:40.811Z", "user": 1, "content_type": 15, "object_id": "5", "object_repr": "Hello Steve, we miss... by billgates", "action_flag": 1, "change_message": "[{\"added\": {}}]"}}, {"model": "admin.logentry", "pk": 66, "fields": {"action_time": "2021-02-09T14:45:24.292Z", "user": 1, "content_type": 15, "object_id": "6", "object_repr": "I miss you too guys ... by stevejobs", "action_flag": 1, "change_message": "[{\"added\": {}}]"}}, {"model": "admin.logentry", "pk": 67, "fields": {"action_time": "2021-02-09T14:45:40.885Z", "user": 1, "content_type": 14, "object_id": "2", "object_repr": "Chat between billgates and stevejobs", "action_flag": 2, "change_message": "[{\"changed\": {\"fields\": [\"Messages\"]}}]"}}, {"model": "admin.logentry", "pk": 68, "fields": {"action_time": "2021-02-09T14:46:26.307Z", "user": 1, "content_type": 2, "object_id": "7", "object_repr": "elonmusk", "action_flag": 1, "change_message": "[{\"added\": {}}]"}}, {"model": "admin.logentry", "pk": 69, "fields": {"action_time": "2021-02-09T14:46:31.563Z", "user": 1, "content_type": 14, "object_id": "3", "object_repr": "Chat between engfelixreynoso and elonmusk", "action_flag": 1, "change_message": "[{\"added\": {}}]"}}, {"model": "admin.logentry", "pk": 70, "fields": {"action_time": "2021-02-09T14:46:51.961Z", "user": 1, "content_type": 15, "object_id": "7", "object_repr": "I'm coming after you... by engfelixreynoso", "action_flag": 1, "change_message": "[{\"added\": {}}]"}}, {"model": "admin.logentry", "pk": 71, "fields": {"action_time": "2021-02-09T14:47:24.229Z", "user": 1, "content_type": 15, "object_id": "8", "object_repr": "I don't expect any l... by elonmusk", "action_flag": 1, "change_message": "[{\"added\": {}}]"}}, {"model": "admin.logentry", "pk": 72, "fields": {"action_time": "2021-02-09T14:47:35.576Z", "user": 1, "content_type": 14, "object_id": "3", "object_repr": "Chat between engfelixreynoso and elonmusk", "action_flag": 2, "change_message": "[{\"changed\": {\"fields\": [\"Messages\"]}}]"}}, {"model": "admin.logentry", "pk": 73, "fields": {"action_time": "2021-02-09T14:49:49.288Z", "user": 1, "content_type": 11, "object_id": "6", "object_repr": "elonmusk", "action_flag": 2, "change_message": "[{\"changed\": {\"fields\": [\"First name\", \"Last name\", \"Email address\"]}}]"}}, {"model": "auth.permission", "pk": 1, "fields": {"name": "Can add follow", "content_type": 1, "codename": "add_follow"}}, {"model": "auth.permission", "pk": 2, "fields": {"name": "Can change follow", "content_type": 1, "codename": "change_follow"}}, {"model": "auth.permission", "pk": 3, "fields": {"name": "Can delete follow", "content_type": 1, "codename": "delete_follow"}}, {"model": "auth.permission", "pk": 4, "fields": {"name": "Can view follow", "content_type": 1, "codename": "view_follow"}}, {"model": "auth.permission", "pk": 5, "fields": {"name": "Can add twitter user", "content_type": 2, "codename": "add_twitteruser"}}, {"model": "auth.permission", "pk": 6, "fields": {"name": "Can change twitter user", "content_type": 2, "codename": "change_twitteruser"}}, {"model": "auth.permission", "pk": 7, "fields": {"name": "Can delete twitter user", "content_type": 2, "codename": "delete_twitteruser"}}, {"model": "auth.permission", "pk": 8, "fields": {"name": "Can view twitter user", "content_type": 2, "codename": "view_twitteruser"}}, {"model": "auth.permission", "pk": 9, "fields": {"name": "Can add tweet", "content_type": 3, "codename": "add_tweet"}}, {"model": "auth.permission", "pk": 10, "fields": {"name": "Can change tweet", "content_type": 3, "codename": "change_tweet"}}, {"model": "auth.permission", "pk": 11, "fields": {"name": "Can delete tweet", "content_type": 3, "codename": "delete_tweet"}}, {"model": "auth.permission", "pk": 12, "fields": {"name": "Can view tweet", "content_type": 3, "codename": "view_tweet"}}, {"model": "auth.permission", "pk": 13, "fields": {"name": "Can add retweet tweet", "content_type": 4, "codename": "add_retweettweet"}}, {"model": "auth.permission", "pk": 14, "fields": {"name": "Can change retweet tweet", "content_type": 4, "codename": "change_retweettweet"}}, {"model": "auth.permission", "pk": 15, "fields": {"name": "Can delete retweet tweet", "content_type": 4, "codename": "delete_retweettweet"}}, {"model": "auth.permission", "pk": 16, "fields": {"name": "Can view retweet tweet", "content_type": 4, "codename": "view_retweettweet"}}, {"model": "auth.permission", "pk": 17, "fields": {"name": "Can add reply tweet", "content_type": 5, "codename": "add_replytweet"}}, {"model": "auth.permission", "pk": 18, "fields": {"name": "Can change reply tweet", "content_type": 5, "codename": "change_replytweet"}}, {"model": "auth.permission", "pk": 19, "fields": {"name": "Can delete reply tweet", "content_type": 5, "codename": "delete_replytweet"}}, {"model": "auth.permission", "pk": 20, "fields": {"name": "Can view reply tweet", "content_type": 5, "codename": "view_replytweet"}}, {"model": "auth.permission", "pk": 21, "fields": {"name": "Can add quote tweet", "content_type": 6, "codename": "add_quotetweet"}}, {"model": "auth.permission", "pk": 22, "fields": {"name": "Can change quote tweet", "content_type": 6, "codename": "change_quotetweet"}}, {"model": "auth.permission", "pk": 23, "fields": {"name": "Can delete quote tweet", "content_type": 6, "codename": "delete_quotetweet"}}, {"model": "auth.permission", "pk": 24, "fields": {"name": "Can view quote tweet", "content_type": 6, "codename": "view_quotetweet"}}, {"model": "auth.permission", "pk": 25, "fields": {"name": "Can add like", "content_type": 7, "codename": "add_like"}}, {"model": "auth.permission", "pk": 26, "fields": {"name": "Can change like", "content_type": 7, "codename": "change_like"}}, {"model": "auth.permission", "pk": 27, "fields": {"name": "Can delete like", "content_type": 7, "codename": "delete_like"}}, {"model": "auth.permission", "pk": 28, "fields": {"name": "Can view like", "content_type": 7, "codename": "view_like"}}, {"model": "auth.permission", "pk": 29, "fields": {"name": "Can add log entry", "content_type": 8, "codename": "add_logentry"}}, {"model": "auth.permission", "pk": 30, "fields": {"name": "Can change log entry", "content_type": 8, "codename": "change_logentry"}}, {"model": "auth.permission", "pk": 31, "fields": {"name": "Can delete log entry", "content_type": 8, "codename": "delete_logentry"}}, {"model": "auth.permission", "pk": 32, "fields": {"name": "Can view log entry", "content_type": 8, "codename": "view_logentry"}}, {"model": "auth.permission", "pk": 33, "fields": {"name": "Can add permission", "content_type": 9, "codename": "add_permission"}}, {"model": "auth.permission", "pk": 34, "fields": {"name": "Can change permission", "content_type": 9, "codename": "change_permission"}}, {"model": "auth.permission", "pk": 35, "fields": {"name": "Can delete permission", "content_type": 9, "codename": "delete_permission"}}, {"model": "auth.permission", "pk": 36, "fields": {"name": "Can view permission", "content_type": 9, "codename": "view_permission"}}, {"model": "auth.permission", "pk": 37, "fields": {"name": "Can add group", "content_type": 10, "codename": "add_group"}}, {"model": "auth.permission", "pk": 38, "fields": {"name": "Can change group", "content_type": 10, "codename": "change_group"}}, {"model": "auth.permission", "pk": 39, "fields": {"name": "Can delete group", "content_type": 10, "codename": "delete_group"}}, {"model": "auth.permission", "pk": 40, "fields": {"name": "Can view group", "content_type": 10, "codename": "view_group"}}, {"model": "auth.permission", "pk": 41, "fields": {"name": "Can add user", "content_type": 11, "codename": "add_user"}}, {"model": "auth.permission", "pk": 42, "fields": {"name": "Can change user", "content_type": 11, "codename": "change_user"}}, {"model": "auth.permission", "pk": 43, "fields": {"name": "Can delete user", "content_type": 11, "codename": "delete_user"}}, {"model": "auth.permission", "pk": 44, "fields": {"name": "Can view user", "content_type": 11, "codename": "view_user"}}, {"model": "auth.permission", "pk": 45, "fields": {"name": "Can add content type", "content_type": 12, "codename": "add_contenttype"}}, {"model": "auth.permission", "pk": 46, "fields": {"name": "Can change content type", "content_type": 12, "codename": "change_contenttype"}}, {"model": "auth.permission", "pk": 47, "fields": {"name": "Can delete content type", "content_type": 12, "codename": "delete_contenttype"}}, {"model": "auth.permission", "pk": 48, "fields": {"name": "Can view content type", "content_type": 12, "codename": "view_contenttype"}}, {"model": "auth.permission", "pk": 49, "fields": {"name": "Can add session", "content_type": 13, "codename": "add_session"}}, {"model": "auth.permission", "pk": 50, "fields": {"name": "Can change session", "content_type": 13, "codename": "change_session"}}, {"model": "auth.permission", "pk": 51, "fields": {"name": "Can delete session", "content_type": 13, "codename": "delete_session"}}, {"model": "auth.permission", "pk": 52, "fields": {"name": "Can view session", "content_type": 13, "codename": "view_session"}}, {"model": "auth.permission", "pk": 53, "fields": {"name": "Can add chat", "content_type": 14, "codename": "add_chat"}}, {"model": "auth.permission", "pk": 54, "fields": {"name": "Can change chat", "content_type": 14, "codename": "change_chat"}}, {"model": "auth.permission", "pk": 55, "fields": {"name": "Can delete chat", "content_type": 14, "codename": "delete_chat"}}, {"model": "auth.permission", "pk": 56, "fields": {"name": "Can view chat", "content_type": 14, "codename": "view_chat"}}, {"model": "auth.permission", "pk": 57, "fields": {"name": "Can add message", "content_type": 15, "codename": "add_message"}}, {"model": "auth.permission", "pk": 58, "fields": {"name": "Can change message", "content_type": 15, "codename": "change_message"}}, {"model": "auth.permission", "pk": 59, "fields": {"name": "Can delete message", "content_type": 15, "codename": "delete_message"}}, {"model": "auth.permission", "pk": 60, "fields": {"name": "Can view message", "content_type": 15, "codename": "view_message"}}, {"model": "auth.user", "pk": 1, "fields": {"password": "pbkdf2_sha256$216000$yIXdVpv9Eb7R$iwgf4AF8avzqUu24A0rZk1WkzrOBXS+YdwDhLae/+hI=", "last_login": "2021-02-16T18:09:37.952Z", "is_superuser": true, "username": "engfelixreynoso", "first_name": "Felix", "last_name": "Reynoso", "email": "", "is_staff": true, "is_active": true, "date_joined": "2021-02-04T23:49:19Z", "groups": [], "user_permissions": []}}, {"model": "auth.user", "pk": 2, "fields": {"password": "pbkdf2_sha256$216000$dzF4p7lKxU3T$092vcDQSEUXzJo8eUM9sCqJ3v554b6F/hX+QA7jS4hw=", "last_login": "2021-02-16T18:17:26.452Z", "is_superuser": false, "username": "marielciprian", "first_name": "Mariel", "last_name": "Ciprian", "email": "", "is_staff": false, "is_active": true, "date_joined": "2021-02-04T23:50:19.139Z", "groups": [], "user_permissions": []}}, {"model": "auth.user", "pk": 3, "fields": {"password": "", "last_login": null, "is_superuser": false, "username": "cindyciprian", "first_name": "Cindy", "last_name": "Ciprian", "email": "", "is_staff": false, "is_active": true, "date_joined": "2021-02-04T23:50:24.779Z", "groups": [], "user_permissions": []}}, {"model": "auth.user", "pk": 4, "fields": {"password": "pbkdf2_sha256$216000$31GeeIYQ7ebd$Qyd6nl1tlgLip4myBe9+2ntVfb3sCD0j5P9WpTp4FAU=", "last_login": "2021-02-05T15:21:16.507Z", "is_superuser": true, "username": "felixreynosob", "first_name": "", "last_name": "", "email": "f@gmail.com", "is_staff": true, "is_active": true, "date_joined": "2021-02-04T23:57:57.707Z", "groups": [], "user_permissions": []}}, {"model": "auth.user", "pk": 5, "fields": {"password": "pbkdf2_sha256$216000$C8fZX6VprIIW$pCWFq3qYOaOp0/ENZPoumuo9uE6oSLZ52UVAT/BSOk4=", "last_login": "2021-02-09T18:32:52.183Z", "is_superuser": false, "username": "billgates", "first_name": "", "last_name": "", "email": "", "is_staff": false, "is_active": true, "date_joined": "2021-02-05T00:03:41.525Z", "groups": [], "user_permissions": []}}, {"model": "auth.user", "pk": 6, "fields": {"password": "pbkdf2_sha256$216000$CAaL5HY0Gow8$YWnkzq1hiQVw1SoF90U+3mC79KHwXDGeymG7UUSp78c=", "last_login": null, "is_superuser": false, "username": "elonmusk", "first_name": "Elon", "last_name": "Musk", "email": "elonmusk@spacex.com", "is_staff": false, "is_active": true, "date_joined": "2021-02-05T11:58:47Z", "groups": [], "user_permissions": []}}, {"model": "auth.user", "pk": 7, "fields": {"password": "pbkdf2_sha256$216000$JVuSTUQAm4R1$qi5Y2yZ0Hn6JV/og3HZN2NK3YDFN3EHljQavJLCfqM4=", "last_login": null, "is_superuser": false, "username": "jeffbezos", "first_name": "", "last_name": "", "email": "", "is_staff": false, "is_active": true, "date_joined": "2021-02-05T11:59:03.864Z", "groups": [], "user_permissions": []}}, {"model": "auth.user", "pk": 8, "fields": {"password": "pbkdf2_sha256$216000$oQR1zyRYeW3b$pbfnvep+hoaY/aj0KklEBy/+V4S2z4uatHoAN7g44r8=", "last_login": null, "is_superuser": false, "username": "stevejobs", "first_name": "", "last_name": "", "email": "", "is_staff": false, "is_active": true, "date_joined": "2021-02-05T11:59:41.925Z", "groups": [], "user_permissions": []}}, {"model": "auth.user", "pk": 9, "fields": {"password": "pbkdf2_sha256$216000$wwiHuT9ls1g8$WGfR0S16cEVORDuS0HoVNtb0nYDUjSMlcR5zbff+3H8=", "last_login": null, "is_superuser": false, "username": "stevewozniak", "first_name": "", "last_name": "", "email": "", "is_staff": false, "is_active": true, "date_joined": "2021-02-05T12:00:05.228Z", "groups": [], "user_permissions": []}}, {"model": "auth.user", "pk": 10, "fields": {"password": "pbkdf2_sha256$216000$Ew9M6Z027KtP$qPX9HHt0ynHmU3a5l+ExfTD7SqQgbpN63Fo28df9qig=", "last_login": null, "is_superuser": false, "username": "richardbranson", "first_name": "", "last_name": "", "email": "", "is_staff": false, "is_active": true, "date_joined": "2021-02-05T12:00:25.988Z", "groups": [], "user_permissions": []}}, {"model": "contenttypes.contenttype", "pk": 1, "fields": {"app_label": "feed", "model": "follow"}}, {"model": "contenttypes.contenttype", "pk": 2, "fields": {"app_label": "feed", "model": "twitteruser"}}, {"model": "contenttypes.contenttype", "pk": 3, "fields": {"app_label": "feed", "model": "tweet"}}, {"model": "contenttypes.contenttype", "pk": 4, "fields": {"app_label": "feed", "model": "retweettweet"}}, {"model": "contenttypes.contenttype", "pk": 5, "fields": {"app_label": "feed", "model": "replytweet"}}, {"model": "contenttypes.contenttype", "pk": 6, "fields": {"app_label": "feed", "model": "quotetweet"}}, {"model": "contenttypes.contenttype", "pk": 7, "fields": {"app_label": "feed", "model": "like"}}, {"model": "contenttypes.contenttype", "pk": 8, "fields": {"app_label": "admin", "model": "logentry"}}, {"model": "contenttypes.contenttype", "pk": 9, "fields": {"app_label": "auth", "model": "permission"}}, {"model": "contenttypes.contenttype", "pk": 10, "fields": {"app_label": "auth", "model": "group"}}, {"model": "contenttypes.contenttype", "pk": 11, "fields": {"app_label": "auth", "model": "user"}}, {"model": "contenttypes.contenttype", "pk": 12, "fields": {"app_label": "contenttypes", "model": "contenttype"}}, {"model": "contenttypes.contenttype", "pk": 13, "fields": {"app_label": "sessions", "model": "session"}}, {"model": "contenttypes.contenttype", "pk": 14, "fields": {"app_label": "feed", "model": "chat"}}, {"model": "contenttypes.contenttype", "pk": 15, "fields": {"app_label": "feed", "model": "message"}}, {"model": "sessions.session", "pk": "kkiha0e2jxa7opm1swtc2kj79xr4b1w2", "fields": {"session_data": ".eJxVjE0OwiAYBe_C2hCgUPxcuu8ZyONPqgaS0q6Md9cmXej2zcx7MYdtLW7raXFzZBem2Ol38wiPVHcQ76i3xkOr6zJ7viv8oJ1PLabn9XD_Dgp6-dZIJIUiAbLICKMmIwaCMsBgLHQUMiclpNWBSFkRrcdoVAiSstf5zN4f1IY3mA:1lC4uc:GkC08mH-kY95mkQKHjGZ_ZKiy6FM3zRZc413hevwp4k", "expire_date": "2021-03-02T18:17:26.455Z"}}]